,match_col
0,Alabama
1,Autauga County
2,Baldwin County
3,Barbour County
4,Bibb County
5,Blount County
6,Bullock County
7,Butler County
8,Calhoun County
9,Chambers County
10,Cherokee County
11,Chilton County
12,Choctaw County
13,Clarke County
14,Clay County
15,Cleburne County
16,Coffee County
17,Colbert County
18,Conecuh County
19,Coosa County
20,Covington County
21,Crenshaw County
22,Cullman County
23,Dale County
24,Dallas County
25,DeKalb County
26,Elmore County
27,Escambia County
28,Etowah County
29,Fayette County
30,Franklin County
31,Geneva County
32,Greene County
33,Hale County
34,Henry County
35,Houston County
36,Jackson County
37,Jefferson County
38,Lamar County
39,Lauderdale County
40,Lawrence County
41,Lee County
42,Limestone County
43,Lowndes County
44,Macon County
45,Madison County
46,Marengo County
47,Marion County
48,Marshall County
49,Mobile County
50,Monroe County
51,Montgomery County
52,Morgan County
53,Perry County
54,Pickens County
55,Pike County
56,Randolph County
57,Russell County
58,St. Clair County
59,Shelby County
60,Sumter County
61,Talladega County
62,Tallapoosa County
63,Tuscaloosa County
64,Walker County
65,Washington County
66,Wilcox County
67,Winston County
68,Alaska
69,Aleutians East Borough
70,Aleutians West Census Area
71,Anchorage Municipality
72,Bethel Census Area
73,Bristol Bay Borough
74,Chugach Census Area
75,Copper River Census Area
76,Denali Borough
77,Dillingham Census Area
78,Fairbanks North Star Borough
79,Haines Borough
80,Hoonah-Angoon Census Area
81,Juneau City and Borough
82,Kenai Peninsula Borough
83,Ketchikan Gateway Borough
84,Kodiak Island Borough
85,Kusilvak Census Area
86,Lake and Peninsula Borough
87,Matanuska-Susitna Borough
88,Nome Census Area
89,North Slope Borough
90,Northwest Arctic Borough
91,Petersburg Borough
92,Prince of Wales-Hyder Census Area
93,Sitka City and Borough
94,Skagway Municipality
95,Southeast Fairbanks Census Area
96,Wrangell City and Borough
97,Yakutat City and Borough
98,Yukon-Koyukuk Census Area
99,Arizona
100,Apache County
101,Cochise County
102,Coconino County
103,Gila County
104,Graham County
105,Greenlee County
106,La Paz County
107,Maricopa County
108,Mohave County
109,Navajo County
110,Pima County
111,Pinal County
112,Santa Cruz County
113,Yavapai County
114,Yuma County
115,Arkansas
116,Arkansas County
117,Ashley County
118,Baxter County
119,Benton County
120,Boone County
121,Bradley County
122,Calhoun County
123,Carroll County
124,Chicot County
125,Clark County
126,Clay County
127,Cleburne County
128,Cleveland County
129,Columbia County
130,Conway County
131,Craighead County
132,Crawford County
133,Crittenden County
134,Cross County
135,Dallas County
136,Desha County
137,Drew County
138,Faulkner County
139,Franklin County
140,Fulton County
141,Garland County
142,Grant County
143,Greene County
144,Hempstead County
145,Hot Spring County
146,Howard County
147,Independence County
148,Izard County
149,Jackson County
150,Jefferson County
151,Johnson County
152,Lafayette County
153,Lawrence County
154,Lee County
155,Lincoln County
156,Little River County
157,Logan County
158,Lonoke County
159,Madison County
160,Marion County
161,Miller County
162,Mississippi County
163,Monroe County
164,Montgomery County
165,Nevada County
166,Newton County
167,Ouachita County
168,Perry County
169,Phillips County
170,Pike County
171,Poinsett County
172,Polk County
173,Pope County
174,Prairie County
175,Pulaski County
176,Randolph County
177,St. Francis County
178,Saline County
179,Scott County
180,Searcy County
181,Sebastian County
182,Sevier County
183,Sharp County
184,Stone County
185,Union County
186,Van Buren County
187,Washington County
188,White County
189,Woodruff County
190,Yell County
191,California
192,Alameda County
193,Alpine County
194,Amador County
195,Butte County
196,Calaveras County
197,Colusa County
198,Contra Costa County
199,Del Norte County
200,El Dorado County
201,Fresno County
202,Glenn County
203,Humboldt County
204,Imperial County
205,Inyo County
206,Kern County
207,Kings County
208,Lake County
209,Lassen County
210,Los Angeles County
211,Madera County
212,Marin County
213,Mariposa County
214,Mendocino County
215,Merced County
216,Modoc County
217,Mono County
218,Monterey County
219,Napa County
220,Nevada County
221,Orange County
222,Placer County
223,Plumas County
224,Riverside County
225,Sacramento County
226,San Benito County
227,San Bernardino County
228,San Diego County
229,San Francisco County
230,San Joaquin County
231,San Luis Obispo County
232,San Mateo County
233,Santa Barbara County
234,Santa Clara County
235,Santa Cruz County
236,Shasta County
237,Sierra County
238,Siskiyou County
239,Solano County
240,Sonoma County
241,Stanislaus County
242,Sutter County
243,Tehama County
244,Trinity County
245,Tulare County
246,Tuolumne County
247,Ventura County
248,Yolo County
249,Yuba County
250,Colorado
251,Adams County
252,Alamosa County
253,Arapahoe County
254,Archuleta County
255,Baca County
256,Bent County
257,Boulder County
258,Broomfield County
259,Chaffee County
260,Cheyenne County
261,Clear Creek County
262,Conejos County
263,Costilla County
264,Crowley County
265,Custer County
266,Delta County
267,Denver County
268,Dolores County
269,Douglas County
270,Eagle County
271,Elbert County
272,El Paso County
273,Fremont County
274,Garfield County
275,Gilpin County
276,Grand County
277,Gunnison County
278,Hinsdale County
279,Huerfano County
280,Jackson County
281,Jefferson County
282,Kiowa County
283,Kit Carson County
284,Lake County
285,La Plata County
286,Larimer County
287,Las Animas County
288,Lincoln County
289,Logan County
290,Mesa County
291,Mineral County
292,Moffat County
293,Montezuma County
294,Montrose County
295,Morgan County
296,Otero County
297,Ouray County
298,Park County
299,Phillips County
300,Pitkin County
301,Prowers County
302,Pueblo County
303,Rio Blanco County
304,Rio Grande County
305,Routt County
306,Saguache County
307,San Juan County
308,San Miguel County
309,Sedgwick County
310,Summit County
311,Teller County
312,Washington County
313,Weld County
314,Yuma County
315,Connecticut
316,Fairfield County
317,Hartford County
318,Litchfield County
319,Middlesex County
320,New Haven County
321,New London County
322,Tolland County
323,Windham County
324,Delaware
325,Kent County
326,New Castle County
327,Sussex County
328,District of Columbia
329,District of Columbia
330,Florida
331,Alachua County
332,Baker County
333,Bay County
334,Bradford County
335,Brevard County
336,Broward County
337,Calhoun County
338,Charlotte County
339,Citrus County
340,Clay County
341,Collier County
342,Columbia County
343,DeSoto County
344,Dixie County
345,Duval County
346,Escambia County
347,Flagler County
348,Franklin County
349,Gadsden County
350,Gilchrist County
351,Glades County
352,Gulf County
353,Hamilton County
354,Hardee County
355,Hendry County
356,Hernando County
357,Highlands County
358,Hillsborough County
359,Holmes County
360,Indian River County
361,Jackson County
362,Jefferson County
363,Lafayette County
364,Lake County
365,Lee County
366,Leon County
367,Levy County
368,Liberty County
369,Madison County
370,Manatee County
371,Marion County
372,Martin County
373,Miami-Dade County
374,Monroe County
375,Nassau County
376,Okaloosa County
377,Okeechobee County
378,Orange County
379,Osceola County
380,Palm Beach County
381,Pasco County
382,Pinellas County
383,Polk County
384,Putnam County
385,St. Johns County
386,St. Lucie County
387,Santa Rosa County
388,Sarasota County
389,Seminole County
390,Sumter County
391,Suwannee County
392,Taylor County
393,Union County
394,Volusia County
395,Wakulla County
396,Walton County
397,Washington County
398,Georgia
399,Appling County
400,Atkinson County
401,Bacon County
402,Baker County
403,Baldwin County
404,Banks County
405,Barrow County
406,Bartow County
407,Ben Hill County
408,Berrien County
409,Bibb County
410,Bleckley County
411,Brantley County
412,Brooks County
413,Bryan County
414,Bulloch County
415,Burke County
416,Butts County
417,Calhoun County
418,Camden County
419,Candler County
420,Carroll County
421,Catoosa County
422,Charlton County
423,Chatham County
424,Chattahoochee County
425,Chattooga County
426,Cherokee County
427,Clarke County
428,Clay County
429,Clayton County
430,Clinch County
431,Cobb County
432,Coffee County
433,Colquitt County
434,Columbia County
435,Cook County
436,Coweta County
437,Crawford County
438,Crisp County
439,Dade County
440,Dawson County
441,Decatur County
442,DeKalb County
443,Dodge County
444,Dooly County
445,Dougherty County
446,Douglas County
447,Early County
448,Echols County
449,Effingham County
450,Elbert County
451,Emanuel County
452,Evans County
453,Fannin County
454,Fayette County
455,Floyd County
456,Forsyth County
457,Franklin County
458,Fulton County
459,Gilmer County
460,Glascock County
461,Glynn County
462,Gordon County
463,Grady County
464,Greene County
465,Gwinnett County
466,Habersham County
467,Hall County
468,Hancock County
469,Haralson County
470,Harris County
471,Hart County
472,Heard County
473,Henry County
474,Houston County
475,Irwin County
476,Jackson County
477,Jasper County
478,Jeff Davis County
479,Jefferson County
480,Jenkins County
481,Johnson County
482,Jones County
483,Lamar County
484,Lanier County
485,Laurens County
486,Lee County
487,Liberty County
488,Lincoln County
489,Long County
490,Lowndes County
491,Lumpkin County
492,McDuffie County
493,McIntosh County
494,Macon County
495,Madison County
496,Marion County
497,Meriwether County
498,Miller County
499,Mitchell County
500,Monroe County
501,Montgomery County
502,Morgan County
503,Murray County
504,Muscogee County
505,Newton County
506,Oconee County
507,Oglethorpe County
508,Paulding County
509,Peach County
510,Pickens County
511,Pierce County
512,Pike County
513,Polk County
514,Pulaski County
515,Putnam County
516,Quitman County
517,Rabun County
518,Randolph County
519,Richmond County
520,Rockdale County
521,Schley County
522,Screven County
523,Seminole County
524,Spalding County
525,Stephens County
526,Stewart County
527,Sumter County
528,Talbot County
529,Taliaferro County
530,Tattnall County
531,Taylor County
532,Telfair County
533,Terrell County
534,Thomas County
535,Tift County
536,Toombs County
537,Towns County
538,Treutlen County
539,Troup County
540,Turner County
541,Twiggs County
542,Union County
543,Upson County
544,Walker County
545,Walton County
546,Ware County
547,Warren County
548,Washington County
549,Wayne County
550,Webster County
551,Wheeler County
552,White County
553,Whitfield County
554,Wilcox County
555,Wilkes County
556,Wilkinson County
557,Worth County
558,Hawaii
559,Hawaii County
560,Honolulu County
561,Kalawao County
562,Kauai County
563,Maui County
564,Idaho
565,Ada County
566,Adams County
567,Bannock County
568,Bear Lake County
569,Benewah County
570,Bingham County
571,Blaine County
572,Boise County
573,Bonner County
574,Bonneville County
575,Boundary County
576,Butte County
577,Camas County
578,Canyon County
579,Caribou County
580,Cassia County
581,Clark County
582,Clearwater County
583,Custer County
584,Elmore County
585,Franklin County
586,Fremont County
587,Gem County
588,Gooding County
589,Idaho County
590,Jefferson County
591,Jerome County
592,Kootenai County
593,Latah County
594,Lemhi County
595,Lewis County
596,Lincoln County
597,Madison County
598,Minidoka County
599,Nez Perce County
600,Oneida County
601,Owyhee County
602,Payette County
603,Power County
604,Shoshone County
605,Teton County
606,Twin Falls County
607,Valley County
608,Washington County
609,Illinois
610,Adams County
611,Alexander County
612,Bond County
613,Boone County
614,Brown County
615,Bureau County
616,Calhoun County
617,Carroll County
618,Cass County
619,Champaign County
620,Christian County
621,Clark County
622,Clay County
623,Clinton County
624,Coles County
625,Cook County
626,Crawford County
627,Cumberland County
628,DeKalb County
629,De Witt County
630,Douglas County
631,DuPage County
632,Edgar County
633,Edwards County
634,Effingham County
635,Fayette County
636,Ford County
637,Franklin County
638,Fulton County
639,Gallatin County
640,Greene County
641,Grundy County
642,Hamilton County
643,Hancock County
644,Hardin County
645,Henderson County
646,Henry County
647,Iroquois County
648,Jackson County
649,Jasper County
650,Jefferson County
651,Jersey County
652,Jo Daviess County
653,Johnson County
654,Kane County
655,Kankakee County
656,Kendall County
657,Knox County
658,Lake County
659,LaSalle County
660,Lawrence County
661,Lee County
662,Livingston County
663,Logan County
664,McDonough County
665,McHenry County
666,McLean County
667,Macon County
668,Macoupin County
669,Madison County
670,Marion County
671,Marshall County
672,Mason County
673,Massac County
674,Menard County
675,Mercer County
676,Monroe County
677,Montgomery County
678,Morgan County
679,Moultrie County
680,Ogle County
681,Peoria County
682,Perry County
683,Piatt County
684,Pike County
685,Pope County
686,Pulaski County
687,Putnam County
688,Randolph County
689,Richland County
690,Rock Island County
691,St. Clair County
692,Saline County
693,Sangamon County
694,Schuyler County
695,Scott County
696,Shelby County
697,Stark County
698,Stephenson County
699,Tazewell County
700,Union County
701,Vermilion County
702,Wabash County
703,Warren County
704,Washington County
705,Wayne County
706,White County
707,Whiteside County
708,Will County
709,Williamson County
710,Winnebago County
711,Woodford County
712,Indiana
713,Adams County
714,Allen County
715,Bartholomew County
716,Benton County
717,Blackford County
718,Boone County
719,Brown County
720,Carroll County
721,Cass County
722,Clark County
723,Clay County
724,Clinton County
725,Crawford County
726,Daviess County
727,Dearborn County
728,Decatur County
729,DeKalb County
730,Delaware County
731,Dubois County
732,Elkhart County
733,Fayette County
734,Floyd County
735,Fountain County
736,Franklin County
737,Fulton County
738,Gibson County
739,Grant County
740,Greene County
741,Hamilton County
742,Hancock County
743,Harrison County
744,Hendricks County
745,Henry County
746,Howard County
747,Huntington County
748,Jackson County
749,Jasper County
750,Jay County
751,Jefferson County
752,Jennings County
753,Johnson County
754,Knox County
755,Kosciusko County
756,LaGrange County
757,Lake County
758,LaPorte County
759,Lawrence County
760,Madison County
761,Marion County
762,Marshall County
763,Martin County
764,Miami County
765,Monroe County
766,Montgomery County
767,Morgan County
768,Newton County
769,Noble County
770,Ohio County
771,Orange County
772,Owen County
773,Parke County
774,Perry County
775,Pike County
776,Porter County
777,Posey County
778,Pulaski County
779,Putnam County
780,Randolph County
781,Ripley County
782,Rush County
783,St. Joseph County
784,Scott County
785,Shelby County
786,Spencer County
787,Starke County
788,Steuben County
789,Sullivan County
790,Switzerland County
791,Tippecanoe County
792,Tipton County
793,Union County
794,Vanderburgh County
795,Vermillion County
796,Vigo County
797,Wabash County
798,Warren County
799,Warrick County
800,Washington County
801,Wayne County
802,Wells County
803,White County
804,Whitley County
805,Iowa
806,Adair County
807,Adams County
808,Allamakee County
809,Appanoose County
810,Audubon County
811,Benton County
812,Black Hawk County
813,Boone County
814,Bremer County
815,Buchanan County
816,Buena Vista County
817,Butler County
818,Calhoun County
819,Carroll County
820,Cass County
821,Cedar County
822,Cerro Gordo County
823,Cherokee County
824,Chickasaw County
825,Clarke County
826,Clay County
827,Clayton County
828,Clinton County
829,Crawford County
830,Dallas County
831,Davis County
832,Decatur County
833,Delaware County
834,Des Moines County
835,Dickinson County
836,Dubuque County
837,Emmet County
838,Fayette County
839,Floyd County
840,Franklin County
841,Fremont County
842,Greene County
843,Grundy County
844,Guthrie County
845,Hamilton County
846,Hancock County
847,Hardin County
848,Harrison County
849,Henry County
850,Howard County
851,Humboldt County
852,Ida County
853,Iowa County
854,Jackson County
855,Jasper County
856,Jefferson County
857,Johnson County
858,Jones County
859,Keokuk County
860,Kossuth County
861,Lee County
862,Linn County
863,Louisa County
864,Lucas County
865,Lyon County
866,Madison County
867,Mahaska County
868,Marion County
869,Marshall County
870,Mills County
871,Mitchell County
872,Monona County
873,Monroe County
874,Montgomery County
875,Muscatine County
876,O'Brien County
877,Osceola County
878,Page County
879,Palo Alto County
880,Plymouth County
881,Pocahontas County
882,Polk County
883,Pottawattamie County
884,Poweshiek County
885,Ringgold County
886,Sac County
887,Scott County
888,Shelby County
889,Sioux County
890,Story County
891,Tama County
892,Taylor County
893,Union County
894,Van Buren County
895,Wapello County
896,Warren County
897,Washington County
898,Wayne County
899,Webster County
900,Winnebago County
901,Winneshiek County
902,Woodbury County
903,Worth County
904,Wright County
905,Kansas
906,Allen County
907,Anderson County
908,Atchison County
909,Barber County
910,Barton County
911,Bourbon County
912,Brown County
913,Butler County
914,Chase County
915,Chautauqua County
916,Cherokee County
917,Cheyenne County
918,Clark County
919,Clay County
920,Cloud County
921,Coffey County
922,Comanche County
923,Cowley County
924,Crawford County
925,Decatur County
926,Dickinson County
927,Doniphan County
928,Douglas County
929,Edwards County
930,Elk County
931,Ellis County
932,Ellsworth County
933,Finney County
934,Ford County
935,Franklin County
936,Geary County
937,Gove County
938,Graham County
939,Grant County
940,Gray County
941,Greeley County
942,Greenwood County
943,Hamilton County
944,Harper County
945,Harvey County
946,Haskell County
947,Hodgeman County
948,Jackson County
949,Jefferson County
950,Jewell County
951,Johnson County
952,Kearny County
953,Kingman County
954,Kiowa County
955,Labette County
956,Lane County
957,Leavenworth County
958,Lincoln County
959,Linn County
960,Logan County
961,Lyon County
962,McPherson County
963,Marion County
964,Marshall County
965,Meade County
966,Miami County
967,Mitchell County
968,Montgomery County
969,Morris County
970,Morton County
971,Nemaha County
972,Neosho County
973,Ness County
974,Norton County
975,Osage County
976,Osborne County
977,Ottawa County
978,Pawnee County
979,Phillips County
980,Pottawatomie County
981,Pratt County
982,Rawlins County
983,Reno County
984,Republic County
985,Rice County
986,Riley County
987,Rooks County
988,Rush County
989,Russell County
990,Saline County
991,Scott County
992,Sedgwick County
993,Seward County
994,Shawnee County
995,Sheridan County
996,Sherman County
997,Smith County
998,Stafford County
999,Stanton County
1000,Stevens County
1001,Sumner County
1002,Thomas County
1003,Trego County
1004,Wabaunsee County
1005,Wallace County
1006,Washington County
1007,Wichita County
1008,Wilson County
1009,Woodson County
1010,Wyandotte County
1011,Kentucky
1012,Adair County
1013,Allen County
1014,Anderson County
1015,Ballard County
1016,Barren County
1017,Bath County
1018,Bell County
1019,Boone County
1020,Bourbon County
1021,Boyd County
1022,Boyle County
1023,Bracken County
1024,Breathitt County
1025,Breckinridge County
1026,Bullitt County
1027,Butler County
1028,Caldwell County
1029,Calloway County
1030,Campbell County
1031,Carlisle County
1032,Carroll County
1033,Carter County
1034,Casey County
1035,Christian County
1036,Clark County
1037,Clay County
1038,Clinton County
1039,Crittenden County
1040,Cumberland County
1041,Daviess County
1042,Edmonson County
1043,Elliott County
1044,Estill County
1045,Fayette County
1046,Fleming County
1047,Floyd County
1048,Franklin County
1049,Fulton County
1050,Gallatin County
1051,Garrard County
1052,Grant County
1053,Graves County
1054,Grayson County
1055,Green County
1056,Greenup County
1057,Hancock County
1058,Hardin County
1059,Harlan County
1060,Harrison County
1061,Hart County
1062,Henderson County
1063,Henry County
1064,Hickman County
1065,Hopkins County
1066,Jackson County
1067,Jefferson County
1068,Jessamine County
1069,Johnson County
1070,Kenton County
1071,Knott County
1072,Knox County
1073,Larue County
1074,Laurel County
1075,Lawrence County
1076,Lee County
1077,Leslie County
1078,Letcher County
1079,Lewis County
1080,Lincoln County
1081,Livingston County
1082,Logan County
1083,Lyon County
1084,McCracken County
1085,McCreary County
1086,McLean County
1087,Madison County
1088,Magoffin County
1089,Marion County
1090,Marshall County
1091,Martin County
1092,Mason County
1093,Meade County
1094,Menifee County
1095,Mercer County
1096,Metcalfe County
1097,Monroe County
1098,Montgomery County
1099,Morgan County
1100,Muhlenberg County
1101,Nelson County
1102,Nicholas County
1103,Ohio County
1104,Oldham County
1105,Owen County
1106,Owsley County
1107,Pendleton County
1108,Perry County
1109,Pike County
1110,Powell County
1111,Pulaski County
1112,Robertson County
1113,Rockcastle County
1114,Rowan County
1115,Russell County
1116,Scott County
1117,Shelby County
1118,Simpson County
1119,Spencer County
1120,Taylor County
1121,Todd County
1122,Trigg County
1123,Trimble County
1124,Union County
1125,Warren County
1126,Washington County
1127,Wayne County
1128,Webster County
1129,Whitley County
1130,Wolfe County
1131,Woodford County
1132,Louisiana
1133,Acadia Parish
1134,Allen Parish
1135,Ascension Parish
1136,Assumption Parish
1137,Avoyelles Parish
1138,Beauregard Parish
1139,Bienville Parish
1140,Bossier Parish
1141,Caddo Parish
1142,Calcasieu Parish
1143,Caldwell Parish
1144,Cameron Parish
1145,Catahoula Parish
1146,Claiborne Parish
1147,Concordia Parish
1148,De Soto Parish
1149,East Baton Rouge Parish
1150,East Carroll Parish
1151,East Feliciana Parish
1152,Evangeline Parish
1153,Franklin Parish
1154,Grant Parish
1155,Iberia Parish
1156,Iberville Parish
1157,Jackson Parish
1158,Jefferson Parish
1159,Jefferson Davis Parish
1160,Lafayette Parish
1161,Lafourche Parish
1162,LaSalle Parish
1163,Lincoln Parish
1164,Livingston Parish
1165,Madison Parish
1166,Morehouse Parish
1167,Natchitoches Parish
1168,Orleans Parish
1169,Ouachita Parish
1170,Plaquemines Parish
1171,Pointe Coupee Parish
1172,Rapides Parish
1173,Red River Parish
1174,Richland Parish
1175,Sabine Parish
1176,St. Bernard Parish
1177,St. Charles Parish
1178,St. Helena Parish
1179,St. James Parish
1180,St. John the Baptist Parish
1181,St. Landry Parish
1182,St. Martin Parish
1183,St. Mary Parish
1184,St. Tammany Parish
1185,Tangipahoa Parish
1186,Tensas Parish
1187,Terrebonne Parish
1188,Union Parish
1189,Vermilion Parish
1190,Vernon Parish
1191,Washington Parish
1192,Webster Parish
1193,West Baton Rouge Parish
1194,West Carroll Parish
1195,West Feliciana Parish
1196,Winn Parish
1197,Maine
1198,Androscoggin County
1199,Aroostook County
1200,Cumberland County
1201,Franklin County
1202,Hancock County
1203,Kennebec County
1204,Knox County
1205,Lincoln County
1206,Oxford County
1207,Penobscot County
1208,Piscataquis County
1209,Sagadahoc County
1210,Somerset County
1211,Waldo County
1212,Washington County
1213,York County
1214,Maryland
1215,Allegany County
1216,Anne Arundel County
1217,Baltimore County
1218,Calvert County
1219,Caroline County
1220,Carroll County
1221,Cecil County
1222,Charles County
1223,Dorchester County
1224,Frederick County
1225,Garrett County
1226,Harford County
1227,Howard County
1228,Kent County
1229,Montgomery County
1230,Prince George's County
1231,Queen Anne's County
1232,St. Mary's County
1233,Somerset County
1234,Talbot County
1235,Washington County
1236,Wicomico County
1237,Worcester County
1238,Baltimore city
1239,Massachusetts
1240,Barnstable County
1241,Berkshire County
1242,Bristol County
1243,Dukes County
1244,Essex County
1245,Franklin County
1246,Hampden County
1247,Hampshire County
1248,Middlesex County
1249,Nantucket County
1250,Norfolk County
1251,Plymouth County
1252,Suffolk County
1253,Worcester County
1254,Michigan
1255,Alcona County
1256,Alger County
1257,Allegan County
1258,Alpena County
1259,Antrim County
1260,Arenac County
1261,Baraga County
1262,Barry County
1263,Bay County
1264,Benzie County
1265,Berrien County
1266,Branch County
1267,Calhoun County
1268,Cass County
1269,Charlevoix County
1270,Cheboygan County
1271,Chippewa County
1272,Clare County
1273,Clinton County
1274,Crawford County
1275,Delta County
1276,Dickinson County
1277,Eaton County
1278,Emmet County
1279,Genesee County
1280,Gladwin County
1281,Gogebic County
1282,Grand Traverse County
1283,Gratiot County
1284,Hillsdale County
1285,Houghton County
1286,Huron County
1287,Ingham County
1288,Ionia County
1289,Iosco County
1290,Iron County
1291,Isabella County
1292,Jackson County
1293,Kalamazoo County
1294,Kalkaska County
1295,Kent County
1296,Keweenaw County
1297,Lake County
1298,Lapeer County
1299,Leelanau County
1300,Lenawee County
1301,Livingston County
1302,Luce County
1303,Mackinac County
1304,Macomb County
1305,Manistee County
1306,Marquette County
1307,Mason County
1308,Mecosta County
1309,Menominee County
1310,Midland County
1311,Missaukee County
1312,Monroe County
1313,Montcalm County
1314,Montmorency County
1315,Muskegon County
1316,Newaygo County
1317,Oakland County
1318,Oceana County
1319,Ogemaw County
1320,Ontonagon County
1321,Osceola County
1322,Oscoda County
1323,Otsego County
1324,Ottawa County
1325,Presque Isle County
1326,Roscommon County
1327,Saginaw County
1328,St. Clair County
1329,St. Joseph County
1330,Sanilac County
1331,Schoolcraft County
1332,Shiawassee County
1333,Tuscola County
1334,Van Buren County
1335,Washtenaw County
1336,Wayne County
1337,Wexford County
1338,Minnesota
1339,Aitkin County
1340,Anoka County
1341,Becker County
1342,Beltrami County
1343,Benton County
1344,Big Stone County
1345,Blue Earth County
1346,Brown County
1347,Carlton County
1348,Carver County
1349,Cass County
1350,Chippewa County
1351,Chisago County
1352,Clay County
1353,Clearwater County
1354,Cook County
1355,Cottonwood County
1356,Crow Wing County
1357,Dakota County
1358,Dodge County
1359,Douglas County
1360,Faribault County
1361,Fillmore County
1362,Freeborn County
1363,Goodhue County
1364,Grant County
1365,Hennepin County
1366,Houston County
1367,Hubbard County
1368,Isanti County
1369,Itasca County
1370,Jackson County
1371,Kanabec County
1372,Kandiyohi County
1373,Kittson County
1374,Koochiching County
1375,Lac qui Parle County
1376,Lake County
1377,Lake of the Woods County
1378,Le Sueur County
1379,Lincoln County
1380,Lyon County
1381,McLeod County
1382,Mahnomen County
1383,Marshall County
1384,Martin County
1385,Meeker County
1386,Mille Lacs County
1387,Morrison County
1388,Mower County
1389,Murray County
1390,Nicollet County
1391,Nobles County
1392,Norman County
1393,Olmsted County
1394,Otter Tail County
1395,Pennington County
1396,Pine County
1397,Pipestone County
1398,Polk County
1399,Pope County
1400,Ramsey County
1401,Red Lake County
1402,Redwood County
1403,Renville County
1404,Rice County
1405,Rock County
1406,Roseau County
1407,St. Louis County
1408,Scott County
1409,Sherburne County
1410,Sibley County
1411,Stearns County
1412,Steele County
1413,Stevens County
1414,Swift County
1415,Todd County
1416,Traverse County
1417,Wabasha County
1418,Wadena County
1419,Waseca County
1420,Washington County
1421,Watonwan County
1422,Wilkin County
1423,Winona County
1424,Wright County
1425,Yellow Medicine County
1426,Mississippi
1427,Adams County
1428,Alcorn County
1429,Amite County
1430,Attala County
1431,Benton County
1432,Bolivar County
1433,Calhoun County
1434,Carroll County
1435,Chickasaw County
1436,Choctaw County
1437,Claiborne County
1438,Clarke County
1439,Clay County
1440,Coahoma County
1441,Copiah County
1442,Covington County
1443,DeSoto County
1444,Forrest County
1445,Franklin County
1446,George County
1447,Greene County
1448,Grenada County
1449,Hancock County
1450,Harrison County
1451,Hinds County
1452,Holmes County
1453,Humphreys County
1454,Issaquena County
1455,Itawamba County
1456,Jackson County
1457,Jasper County
1458,Jefferson County
1459,Jefferson Davis County
1460,Jones County
1461,Kemper County
1462,Lafayette County
1463,Lamar County
1464,Lauderdale County
1465,Lawrence County
1466,Leake County
1467,Lee County
1468,Leflore County
1469,Lincoln County
1470,Lowndes County
1471,Madison County
1472,Marion County
1473,Marshall County
1474,Monroe County
1475,Montgomery County
1476,Neshoba County
1477,Newton County
1478,Noxubee County
1479,Oktibbeha County
1480,Panola County
1481,Pearl River County
1482,Perry County
1483,Pike County
1484,Pontotoc County
1485,Prentiss County
1486,Quitman County
1487,Rankin County
1488,Scott County
1489,Sharkey County
1490,Simpson County
1491,Smith County
1492,Stone County
1493,Sunflower County
1494,Tallahatchie County
1495,Tate County
1496,Tippah County
1497,Tishomingo County
1498,Tunica County
1499,Union County
1500,Walthall County
1501,Warren County
1502,Washington County
1503,Wayne County
1504,Webster County
1505,Wilkinson County
1506,Winston County
1507,Yalobusha County
1508,Yazoo County
1509,Missouri
1510,Adair County
1511,Andrew County
1512,Atchison County
1513,Audrain County
1514,Barry County
1515,Barton County
1516,Bates County
1517,Benton County
1518,Bollinger County
1519,Boone County
1520,Buchanan County
1521,Butler County
1522,Caldwell County
1523,Callaway County
1524,Camden County
1525,Cape Girardeau County
1526,Carroll County
1527,Carter County
1528,Cass County
1529,Cedar County
1530,Chariton County
1531,Christian County
1532,Clark County
1533,Clay County
1534,Clinton County
1535,Cole County
1536,Cooper County
1537,Crawford County
1538,Dade County
1539,Dallas County
1540,Daviess County
1541,DeKalb County
1542,Dent County
1543,Douglas County
1544,Dunklin County
1545,Franklin County
1546,Gasconade County
1547,Gentry County
1548,Greene County
1549,Grundy County
1550,Harrison County
1551,Henry County
1552,Hickory County
1553,Holt County
1554,Howard County
1555,Howell County
1556,Iron County
1557,Jackson County
1558,Jasper County
1559,Jefferson County
1560,Johnson County
1561,Knox County
1562,Laclede County
1563,Lafayette County
1564,Lawrence County
1565,Lewis County
1566,Lincoln County
1567,Linn County
1568,Livingston County
1569,McDonald County
1570,Macon County
1571,Madison County
1572,Maries County
1573,Marion County
1574,Mercer County
1575,Miller County
1576,Mississippi County
1577,Moniteau County
1578,Monroe County
1579,Montgomery County
1580,Morgan County
1581,New Madrid County
1582,Newton County
1583,Nodaway County
1584,Oregon County
1585,Osage County
1586,Ozark County
1587,Pemiscot County
1588,Perry County
1589,Pettis County
1590,Phelps County
1591,Pike County
1592,Platte County
1593,Polk County
1594,Pulaski County
1595,Putnam County
1596,Ralls County
1597,Randolph County
1598,Ray County
1599,Reynolds County
1600,Ripley County
1601,St. Charles County
1602,St. Clair County
1603,Ste. Genevieve County
1604,St. Francois County
1605,St. Louis County
1606,Saline County
1607,Schuyler County
1608,Scotland County
1609,Scott County
1610,Shannon County
1611,Shelby County
1612,Stoddard County
1613,Stone County
1614,Sullivan County
1615,Taney County
1616,Texas County
1617,Vernon County
1618,Warren County
1619,Washington County
1620,Wayne County
1621,Webster County
1622,Worth County
1623,Wright County
1624,St. Louis city
1625,Montana
1626,Beaverhead County
1627,Big Horn County
1628,Blaine County
1629,Broadwater County
1630,Carbon County
1631,Carter County
1632,Cascade County
1633,Chouteau County
1634,Custer County
1635,Daniels County
1636,Dawson County
1637,Deer Lodge County
1638,Fallon County
1639,Fergus County
1640,Flathead County
1641,Gallatin County
1642,Garfield County
1643,Glacier County
1644,Golden Valley County
1645,Granite County
1646,Hill County
1647,Jefferson County
1648,Judith Basin County
1649,Lake County
1650,Lewis and Clark County
1651,Liberty County
1652,Lincoln County
1653,McCone County
1654,Madison County
1655,Meagher County
1656,Mineral County
1657,Missoula County
1658,Musselshell County
1659,Park County
1660,Petroleum County
1661,Phillips County
1662,Pondera County
1663,Powder River County
1664,Powell County
1665,Prairie County
1666,Ravalli County
1667,Richland County
1668,Roosevelt County
1669,Rosebud County
1670,Sanders County
1671,Sheridan County
1672,Silver Bow County
1673,Stillwater County
1674,Sweet Grass County
1675,Teton County
1676,Toole County
1677,Treasure County
1678,Valley County
1679,Wheatland County
1680,Wibaux County
1681,Yellowstone County
1682,Nebraska
1683,Adams County
1684,Antelope County
1685,Arthur County
1686,Banner County
1687,Blaine County
1688,Boone County
1689,Box Butte County
1690,Boyd County
1691,Brown County
1692,Buffalo County
1693,Burt County
1694,Butler County
1695,Cass County
1696,Cedar County
1697,Chase County
1698,Cherry County
1699,Cheyenne County
1700,Clay County
1701,Colfax County
1702,Cuming County
1703,Custer County
1704,Dakota County
1705,Dawes County
1706,Dawson County
1707,Deuel County
1708,Dixon County
1709,Dodge County
1710,Douglas County
1711,Dundy County
1712,Fillmore County
1713,Franklin County
1714,Frontier County
1715,Furnas County
1716,Gage County
1717,Garden County
1718,Garfield County
1719,Gosper County
1720,Grant County
1721,Greeley County
1722,Hall County
1723,Hamilton County
1724,Harlan County
1725,Hayes County
1726,Hitchcock County
1727,Holt County
1728,Hooker County
1729,Howard County
1730,Jefferson County
1731,Johnson County
1732,Kearney County
1733,Keith County
1734,Keya Paha County
1735,Kimball County
1736,Knox County
1737,Lancaster County
1738,Lincoln County
1739,Logan County
1740,Loup County
1741,McPherson County
1742,Madison County
1743,Merrick County
1744,Morrill County
1745,Nance County
1746,Nemaha County
1747,Nuckolls County
1748,Otoe County
1749,Pawnee County
1750,Perkins County
1751,Phelps County
1752,Pierce County
1753,Platte County
1754,Polk County
1755,Red Willow County
1756,Richardson County
1757,Rock County
1758,Saline County
1759,Sarpy County
1760,Saunders County
1761,Scotts Bluff County
1762,Seward County
1763,Sheridan County
1764,Sherman County
1765,Sioux County
1766,Stanton County
1767,Thayer County
1768,Thomas County
1769,Thurston County
1770,Valley County
1771,Washington County
1772,Wayne County
1773,Webster County
1774,Wheeler County
1775,York County
1776,Nevada
1777,Churchill County
1778,Clark County
1779,Douglas County
1780,Elko County
1781,Esmeralda County
1782,Eureka County
1783,Humboldt County
1784,Lander County
1785,Lincoln County
1786,Lyon County
1787,Mineral County
1788,Nye County
1789,Pershing County
1790,Storey County
1791,Washoe County
1792,White Pine County
1793,Carson City
1794,New Hampshire
1795,Belknap County
1796,Carroll County
1797,Cheshire County
1798,Coos County
1799,Grafton County
1800,Hillsborough County
1801,Merrimack County
1802,Rockingham County
1803,Strafford County
1804,Sullivan County
1805,New Jersey
1806,Atlantic County
1807,Bergen County
1808,Burlington County
1809,Camden County
1810,Cape May County
1811,Cumberland County
1812,Essex County
1813,Gloucester County
1814,Hudson County
1815,Hunterdon County
1816,Mercer County
1817,Middlesex County
1818,Monmouth County
1819,Morris County
1820,Ocean County
1821,Passaic County
1822,Salem County
1823,Somerset County
1824,Sussex County
1825,Union County
1826,Warren County
1827,New Mexico
1828,Bernalillo County
1829,Catron County
1830,Chaves County
1831,Cibola County
1832,Colfax County
1833,Curry County
1834,De Baca County
1835,Do√±a Ana County
1836,Eddy County
1837,Grant County
1838,Guadalupe County
1839,Harding County
1840,Hidalgo County
1841,Lea County
1842,Lincoln County
1843,Los Alamos County
1844,Luna County
1845,McKinley County
1846,Mora County
1847,Otero County
1848,Quay County
1849,Rio Arriba County
1850,Roosevelt County
1851,Sandoval County
1852,San Juan County
1853,San Miguel County
1854,Santa Fe County
1855,Sierra County
1856,Socorro County
1857,Taos County
1858,Torrance County
1859,Union County
1860,Valencia County
1861,New York
1862,Albany County
1863,Allegany County
1864,Bronx County
1865,Broome County
1866,Cattaraugus County
1867,Cayuga County
1868,Chautauqua County
1869,Chemung County
1870,Chenango County
1871,Clinton County
1872,Columbia County
1873,Cortland County
1874,Delaware County
1875,Dutchess County
1876,Erie County
1877,Essex County
1878,Franklin County
1879,Fulton County
1880,Genesee County
1881,Greene County
1882,Hamilton County
1883,Herkimer County
1884,Jefferson County
1885,Kings County
1886,Lewis County
1887,Livingston County
1888,Madison County
1889,Monroe County
1890,Montgomery County
1891,Nassau County
1892,New York County
1893,Niagara County
1894,Oneida County
1895,Onondaga County
1896,Ontario County
1897,Orange County
1898,Orleans County
1899,Oswego County
1900,Otsego County
1901,Putnam County
1902,Queens County
1903,Rensselaer County
1904,Richmond County
1905,Rockland County
1906,St. Lawrence County
1907,Saratoga County
1908,Schenectady County
1909,Schoharie County
1910,Schuyler County
1911,Seneca County
1912,Steuben County
1913,Suffolk County
1914,Sullivan County
1915,Tioga County
1916,Tompkins County
1917,Ulster County
1918,Warren County
1919,Washington County
1920,Wayne County
1921,Westchester County
1922,Wyoming County
1923,Yates County
1924,North Carolina
1925,Alamance County
1926,Alexander County
1927,Alleghany County
1928,Anson County
1929,Ashe County
1930,Avery County
1931,Beaufort County
1932,Bertie County
1933,Bladen County
1934,Brunswick County
1935,Buncombe County
1936,Burke County
1937,Cabarrus County
1938,Caldwell County
1939,Camden County
1940,Carteret County
1941,Caswell County
1942,Catawba County
1943,Chatham County
1944,Cherokee County
1945,Chowan County
1946,Clay County
1947,Cleveland County
1948,Columbus County
1949,Craven County
1950,Cumberland County
1951,Currituck County
1952,Dare County
1953,Davidson County
1954,Davie County
1955,Duplin County
1956,Durham County
1957,Edgecombe County
1958,Forsyth County
1959,Franklin County
1960,Gaston County
1961,Gates County
1962,Graham County
1963,Granville County
1964,Greene County
1965,Guilford County
1966,Halifax County
1967,Harnett County
1968,Haywood County
1969,Henderson County
1970,Hertford County
1971,Hoke County
1972,Hyde County
1973,Iredell County
1974,Jackson County
1975,Johnston County
1976,Jones County
1977,Lee County
1978,Lenoir County
1979,Lincoln County
1980,McDowell County
1981,Macon County
1982,Madison County
1983,Martin County
1984,Mecklenburg County
1985,Mitchell County
1986,Montgomery County
1987,Moore County
1988,Nash County
1989,New Hanover County
1990,Northampton County
1991,Onslow County
1992,Orange County
1993,Pamlico County
1994,Pasquotank County
1995,Pender County
1996,Perquimans County
1997,Person County
1998,Pitt County
1999,Polk County
2000,Randolph County
2001,Richmond County
2002,Robeson County
2003,Rockingham County
2004,Rowan County
2005,Rutherford County
2006,Sampson County
2007,Scotland County
2008,Stanly County
2009,Stokes County
2010,Surry County
2011,Swain County
2012,Transylvania County
2013,Tyrrell County
2014,Union County
2015,Vance County
2016,Wake County
2017,Warren County
2018,Washington County
2019,Watauga County
2020,Wayne County
2021,Wilkes County
2022,Wilson County
2023,Yadkin County
2024,Yancey County
2025,North Dakota
2026,Adams County
2027,Barnes County
2028,Benson County
2029,Billings County
2030,Bottineau County
2031,Bowman County
2032,Burke County
2033,Burleigh County
2034,Cass County
2035,Cavalier County
2036,Dickey County
2037,Divide County
2038,Dunn County
2039,Eddy County
2040,Emmons County
2041,Foster County
2042,Golden Valley County
2043,Grand Forks County
2044,Grant County
2045,Griggs County
2046,Hettinger County
2047,Kidder County
2048,LaMoure County
2049,Logan County
2050,McHenry County
2051,McIntosh County
2052,McKenzie County
2053,McLean County
2054,Mercer County
2055,Morton County
2056,Mountrail County
2057,Nelson County
2058,Oliver County
2059,Pembina County
2060,Pierce County
2061,Ramsey County
2062,Ransom County
2063,Renville County
2064,Richland County
2065,Rolette County
2066,Sargent County
2067,Sheridan County
2068,Sioux County
2069,Slope County
2070,Stark County
2071,Steele County
2072,Stutsman County
2073,Towner County
2074,Traill County
2075,Walsh County
2076,Ward County
2077,Wells County
2078,Williams County
2079,Ohio
2080,Adams County
2081,Allen County
2082,Ashland County
2083,Ashtabula County
2084,Athens County
2085,Auglaize County
2086,Belmont County
2087,Brown County
2088,Butler County
2089,Carroll County
2090,Champaign County
2091,Clark County
2092,Clermont County
2093,Clinton County
2094,Columbiana County
2095,Coshocton County
2096,Crawford County
2097,Cuyahoga County
2098,Darke County
2099,Defiance County
2100,Delaware County
2101,Erie County
2102,Fairfield County
2103,Fayette County
2104,Franklin County
2105,Fulton County
2106,Gallia County
2107,Geauga County
2108,Greene County
2109,Guernsey County
2110,Hamilton County
2111,Hancock County
2112,Hardin County
2113,Harrison County
2114,Henry County
2115,Highland County
2116,Hocking County
2117,Holmes County
2118,Huron County
2119,Jackson County
2120,Jefferson County
2121,Knox County
2122,Lake County
2123,Lawrence County
2124,Licking County
2125,Logan County
2126,Lorain County
2127,Lucas County
2128,Madison County
2129,Mahoning County
2130,Marion County
2131,Medina County
2132,Meigs County
2133,Mercer County
2134,Miami County
2135,Monroe County
2136,Montgomery County
2137,Morgan County
2138,Morrow County
2139,Muskingum County
2140,Noble County
2141,Ottawa County
2142,Paulding County
2143,Perry County
2144,Pickaway County
2145,Pike County
2146,Portage County
2147,Preble County
2148,Putnam County
2149,Richland County
2150,Ross County
2151,Sandusky County
2152,Scioto County
2153,Seneca County
2154,Shelby County
2155,Stark County
2156,Summit County
2157,Trumbull County
2158,Tuscarawas County
2159,Union County
2160,Van Wert County
2161,Vinton County
2162,Warren County
2163,Washington County
2164,Wayne County
2165,Williams County
2166,Wood County
2167,Wyandot County
2168,Oklahoma
2169,Adair County
2170,Alfalfa County
2171,Atoka County
2172,Beaver County
2173,Beckham County
2174,Blaine County
2175,Bryan County
2176,Caddo County
2177,Canadian County
2178,Carter County
2179,Cherokee County
2180,Choctaw County
2181,Cimarron County
2182,Cleveland County
2183,Coal County
2184,Comanche County
2185,Cotton County
2186,Craig County
2187,Creek County
2188,Custer County
2189,Delaware County
2190,Dewey County
2191,Ellis County
2192,Garfield County
2193,Garvin County
2194,Grady County
2195,Grant County
2196,Greer County
2197,Harmon County
2198,Harper County
2199,Haskell County
2200,Hughes County
2201,Jackson County
2202,Jefferson County
2203,Johnston County
2204,Kay County
2205,Kingfisher County
2206,Kiowa County
2207,Latimer County
2208,Le Flore County
2209,Lincoln County
2210,Logan County
2211,Love County
2212,McClain County
2213,McCurtain County
2214,McIntosh County
2215,Major County
2216,Marshall County
2217,Mayes County
2218,Murray County
2219,Muskogee County
2220,Noble County
2221,Nowata County
2222,Okfuskee County
2223,Oklahoma County
2224,Okmulgee County
2225,Osage County
2226,Ottawa County
2227,Pawnee County
2228,Payne County
2229,Pittsburg County
2230,Pontotoc County
2231,Pottawatomie County
2232,Pushmataha County
2233,Roger Mills County
2234,Rogers County
2235,Seminole County
2236,Sequoyah County
2237,Stephens County
2238,Texas County
2239,Tillman County
2240,Tulsa County
2241,Wagoner County
2242,Washington County
2243,Washita County
2244,Woods County
2245,Woodward County
2246,Oregon
2247,Baker County
2248,Benton County
2249,Clackamas County
2250,Clatsop County
2251,Columbia County
2252,Coos County
2253,Crook County
2254,Curry County
2255,Deschutes County
2256,Douglas County
2257,Gilliam County
2258,Grant County
2259,Harney County
2260,Hood River County
2261,Jackson County
2262,Jefferson County
2263,Josephine County
2264,Klamath County
2265,Lake County
2266,Lane County
2267,Lincoln County
2268,Linn County
2269,Malheur County
2270,Marion County
2271,Morrow County
2272,Multnomah County
2273,Polk County
2274,Sherman County
2275,Tillamook County
2276,Umatilla County
2277,Union County
2278,Wallowa County
2279,Wasco County
2280,Washington County
2281,Wheeler County
2282,Yamhill County
2283,Pennsylvania
2284,Adams County
2285,Allegheny County
2286,Armstrong County
2287,Beaver County
2288,Bedford County
2289,Berks County
2290,Blair County
2291,Bradford County
2292,Bucks County
2293,Butler County
2294,Cambria County
2295,Cameron County
2296,Carbon County
2297,Centre County
2298,Chester County
2299,Clarion County
2300,Clearfield County
2301,Clinton County
2302,Columbia County
2303,Crawford County
2304,Cumberland County
2305,Dauphin County
2306,Delaware County
2307,Elk County
2308,Erie County
2309,Fayette County
2310,Forest County
2311,Franklin County
2312,Fulton County
2313,Greene County
2314,Huntingdon County
2315,Indiana County
2316,Jefferson County
2317,Juniata County
2318,Lackawanna County
2319,Lancaster County
2320,Lawrence County
2321,Lebanon County
2322,Lehigh County
2323,Luzerne County
2324,Lycoming County
2325,McKean County
2326,Mercer County
2327,Mifflin County
2328,Monroe County
2329,Montgomery County
2330,Montour County
2331,Northampton County
2332,Northumberland County
2333,Perry County
2334,Philadelphia County
2335,Pike County
2336,Potter County
2337,Schuylkill County
2338,Snyder County
2339,Somerset County
2340,Sullivan County
2341,Susquehanna County
2342,Tioga County
2343,Union County
2344,Venango County
2345,Warren County
2346,Washington County
2347,Wayne County
2348,Westmoreland County
2349,Wyoming County
2350,York County
2351,Rhode Island
2352,Bristol County
2353,Kent County
2354,Newport County
2355,Providence County
2356,Washington County
2357,South Carolina
2358,Abbeville County
2359,Aiken County
2360,Allendale County
2361,Anderson County
2362,Bamberg County
2363,Barnwell County
2364,Beaufort County
2365,Berkeley County
2366,Calhoun County
2367,Charleston County
2368,Cherokee County
2369,Chester County
2370,Chesterfield County
2371,Clarendon County
2372,Colleton County
2373,Darlington County
2374,Dillon County
2375,Dorchester County
2376,Edgefield County
2377,Fairfield County
2378,Florence County
2379,Georgetown County
2380,Greenville County
2381,Greenwood County
2382,Hampton County
2383,Horry County
2384,Jasper County
2385,Kershaw County
2386,Lancaster County
2387,Laurens County
2388,Lee County
2389,Lexington County
2390,McCormick County
2391,Marion County
2392,Marlboro County
2393,Newberry County
2394,Oconee County
2395,Orangeburg County
2396,Pickens County
2397,Richland County
2398,Saluda County
2399,Spartanburg County
2400,Sumter County
2401,Union County
2402,Williamsburg County
2403,York County
2404,South Dakota
2405,Aurora County
2406,Beadle County
2407,Bennett County
2408,Bon Homme County
2409,Brookings County
2410,Brown County
2411,Brule County
2412,Buffalo County
2413,Butte County
2414,Campbell County
2415,Charles Mix County
2416,Clark County
2417,Clay County
2418,Codington County
2419,Corson County
2420,Custer County
2421,Davison County
2422,Day County
2423,Deuel County
2424,Dewey County
2425,Douglas County
2426,Edmunds County
2427,Fall River County
2428,Faulk County
2429,Grant County
2430,Gregory County
2431,Haakon County
2432,Hamlin County
2433,Hand County
2434,Hanson County
2435,Harding County
2436,Hughes County
2437,Hutchinson County
2438,Hyde County
2439,Jackson County
2440,Jerauld County
2441,Jones County
2442,Kingsbury County
2443,Lake County
2444,Lawrence County
2445,Lincoln County
2446,Lyman County
2447,McCook County
2448,McPherson County
2449,Marshall County
2450,Meade County
2451,Mellette County
2452,Miner County
2453,Minnehaha County
2454,Moody County
2455,Oglala Lakota County
2456,Pennington County
2457,Perkins County
2458,Potter County
2459,Roberts County
2460,Sanborn County
2461,Spink County
2462,Stanley County
2463,Sully County
2464,Todd County
2465,Tripp County
2466,Turner County
2467,Union County
2468,Walworth County
2469,Yankton County
2470,Ziebach County
2471,Tennessee
2472,Anderson County
2473,Bedford County
2474,Benton County
2475,Bledsoe County
2476,Blount County
2477,Bradley County
2478,Campbell County
2479,Cannon County
2480,Carroll County
2481,Carter County
2482,Cheatham County
2483,Chester County
2484,Claiborne County
2485,Clay County
2486,Cocke County
2487,Coffee County
2488,Crockett County
2489,Cumberland County
2490,Davidson County
2491,Decatur County
2492,DeKalb County
2493,Dickson County
2494,Dyer County
2495,Fayette County
2496,Fentress County
2497,Franklin County
2498,Gibson County
2499,Giles County
2500,Grainger County
2501,Greene County
2502,Grundy County
2503,Hamblen County
2504,Hamilton County
2505,Hancock County
2506,Hardeman County
2507,Hardin County
2508,Hawkins County
2509,Haywood County
2510,Henderson County
2511,Henry County
2512,Hickman County
2513,Houston County
2514,Humphreys County
2515,Jackson County
2516,Jefferson County
2517,Johnson County
2518,Knox County
2519,Lake County
2520,Lauderdale County
2521,Lawrence County
2522,Lewis County
2523,Lincoln County
2524,Loudon County
2525,McMinn County
2526,McNairy County
2527,Macon County
2528,Madison County
2529,Marion County
2530,Marshall County
2531,Maury County
2532,Meigs County
2533,Monroe County
2534,Montgomery County
2535,Moore County
2536,Morgan County
2537,Obion County
2538,Overton County
2539,Perry County
2540,Pickett County
2541,Polk County
2542,Putnam County
2543,Rhea County
2544,Roane County
2545,Robertson County
2546,Rutherford County
2547,Scott County
2548,Sequatchie County
2549,Sevier County
2550,Shelby County
2551,Smith County
2552,Stewart County
2553,Sullivan County
2554,Sumner County
2555,Tipton County
2556,Trousdale County
2557,Unicoi County
2558,Union County
2559,Van Buren County
2560,Warren County
2561,Washington County
2562,Wayne County
2563,Weakley County
2564,White County
2565,Williamson County
2566,Wilson County
2567,Texas
2568,Anderson County
2569,Andrews County
2570,Angelina County
2571,Aransas County
2572,Archer County
2573,Armstrong County
2574,Atascosa County
2575,Austin County
2576,Bailey County
2577,Bandera County
2578,Bastrop County
2579,Baylor County
2580,Bee County
2581,Bell County
2582,Bexar County
2583,Blanco County
2584,Borden County
2585,Bosque County
2586,Bowie County
2587,Brazoria County
2588,Brazos County
2589,Brewster County
2590,Briscoe County
2591,Brooks County
2592,Brown County
2593,Burleson County
2594,Burnet County
2595,Caldwell County
2596,Calhoun County
2597,Callahan County
2598,Cameron County
2599,Camp County
2600,Carson County
2601,Cass County
2602,Castro County
2603,Chambers County
2604,Cherokee County
2605,Childress County
2606,Clay County
2607,Cochran County
2608,Coke County
2609,Coleman County
2610,Collin County
2611,Collingsworth County
2612,Colorado County
2613,Comal County
2614,Comanche County
2615,Concho County
2616,Cooke County
2617,Coryell County
2618,Cottle County
2619,Crane County
2620,Crockett County
2621,Crosby County
2622,Culberson County
2623,Dallam County
2624,Dallas County
2625,Dawson County
2626,Deaf Smith County
2627,Delta County
2628,Denton County
2629,DeWitt County
2630,Dickens County
2631,Dimmit County
2632,Donley County
2633,Duval County
2634,Eastland County
2635,Ector County
2636,Edwards County
2637,Ellis County
2638,El Paso County
2639,Erath County
2640,Falls County
2641,Fannin County
2642,Fayette County
2643,Fisher County
2644,Floyd County
2645,Foard County
2646,Fort Bend County
2647,Franklin County
2648,Freestone County
2649,Frio County
2650,Gaines County
2651,Galveston County
2652,Garza County
2653,Gillespie County
2654,Glasscock County
2655,Goliad County
2656,Gonzales County
2657,Gray County
2658,Grayson County
2659,Gregg County
2660,Grimes County
2661,Guadalupe County
2662,Hale County
2663,Hall County
2664,Hamilton County
2665,Hansford County
2666,Hardeman County
2667,Hardin County
2668,Harris County
2669,Harrison County
2670,Hartley County
2671,Haskell County
2672,Hays County
2673,Hemphill County
2674,Henderson County
2675,Hidalgo County
2676,Hill County
2677,Hockley County
2678,Hood County
2679,Hopkins County
2680,Houston County
2681,Howard County
2682,Hudspeth County
2683,Hunt County
2684,Hutchinson County
2685,Irion County
2686,Jack County
2687,Jackson County
2688,Jasper County
2689,Jeff Davis County
2690,Jefferson County
2691,Jim Hogg County
2692,Jim Wells County
2693,Johnson County
2694,Jones County
2695,Karnes County
2696,Kaufman County
2697,Kendall County
2698,Kenedy County
2699,Kent County
2700,Kerr County
2701,Kimble County
2702,King County
2703,Kinney County
2704,Kleberg County
2705,Knox County
2706,Lamar County
2707,Lamb County
2708,Lampasas County
2709,La Salle County
2710,Lavaca County
2711,Lee County
2712,Leon County
2713,Liberty County
2714,Limestone County
2715,Lipscomb County
2716,Live Oak County
2717,Llano County
2718,Loving County
2719,Lubbock County
2720,Lynn County
2721,McCulloch County
2722,McLennan County
2723,McMullen County
2724,Madison County
2725,Marion County
2726,Martin County
2727,Mason County
2728,Matagorda County
2729,Maverick County
2730,Medina County
2731,Menard County
2732,Midland County
2733,Milam County
2734,Mills County
2735,Mitchell County
2736,Montague County
2737,Montgomery County
2738,Moore County
2739,Morris County
2740,Motley County
2741,Nacogdoches County
2742,Navarro County
2743,Newton County
2744,Nolan County
2745,Nueces County
2746,Ochiltree County
2747,Oldham County
2748,Orange County
2749,Palo Pinto County
2750,Panola County
2751,Parker County
2752,Parmer County
2753,Pecos County
2754,Polk County
2755,Potter County
2756,Presidio County
2757,Rains County
2758,Randall County
2759,Reagan County
2760,Real County
2761,Red River County
2762,Reeves County
2763,Refugio County
2764,Roberts County
2765,Robertson County
2766,Rockwall County
2767,Runnels County
2768,Rusk County
2769,Sabine County
2770,San Augustine County
2771,San Jacinto County
2772,San Patricio County
2773,San Saba County
2774,Schleicher County
2775,Scurry County
2776,Shackelford County
2777,Shelby County
2778,Sherman County
2779,Smith County
2780,Somervell County
2781,Starr County
2782,Stephens County
2783,Sterling County
2784,Stonewall County
2785,Sutton County
2786,Swisher County
2787,Tarrant County
2788,Taylor County
2789,Terrell County
2790,Terry County
2791,Throckmorton County
2792,Titus County
2793,Tom Green County
2794,Travis County
2795,Trinity County
2796,Tyler County
2797,Upshur County
2798,Upton County
2799,Uvalde County
2800,Val Verde County
2801,Van Zandt County
2802,Victoria County
2803,Walker County
2804,Waller County
2805,Ward County
2806,Washington County
2807,Webb County
2808,Wharton County
2809,Wheeler County
2810,Wichita County
2811,Wilbarger County
2812,Willacy County
2813,Williamson County
2814,Wilson County
2815,Winkler County
2816,Wise County
2817,Wood County
2818,Yoakum County
2819,Young County
2820,Zapata County
2821,Zavala County
2822,Utah
2823,Beaver County
2824,Box Elder County
2825,Cache County
2826,Carbon County
2827,Daggett County
2828,Davis County
2829,Duchesne County
2830,Emery County
2831,Garfield County
2832,Grand County
2833,Iron County
2834,Juab County
2835,Kane County
2836,Millard County
2837,Morgan County
2838,Piute County
2839,Rich County
2840,Salt Lake County
2841,San Juan County
2842,Sanpete County
2843,Sevier County
2844,Summit County
2845,Tooele County
2846,Uintah County
2847,Utah County
2848,Wasatch County
2849,Washington County
2850,Wayne County
2851,Weber County
2852,Vermont
2853,Addison County
2854,Bennington County
2855,Caledonia County
2856,Chittenden County
2857,Essex County
2858,Franklin County
2859,Grand Isle County
2860,Lamoille County
2861,Orange County
2862,Orleans County
2863,Rutland County
2864,Washington County
2865,Windham County
2866,Windsor County
2867,Virginia
2868,Accomack County
2869,Albemarle County
2870,Alleghany County
2871,Amelia County
2872,Amherst County
2873,Appomattox County
2874,Arlington County
2875,Augusta County
2876,Bath County
2877,Bedford County
2878,Bland County
2879,Botetourt County
2880,Brunswick County
2881,Buchanan County
2882,Buckingham County
2883,Campbell County
2884,Caroline County
2885,Carroll County
2886,Charles City County
2887,Charlotte County
2888,Chesterfield County
2889,Clarke County
2890,Craig County
2891,Culpeper County
2892,Cumberland County
2893,Dickenson County
2894,Dinwiddie County
2895,Essex County
2896,Fairfax County
2897,Fauquier County
2898,Floyd County
2899,Fluvanna County
2900,Franklin County
2901,Frederick County
2902,Giles County
2903,Gloucester County
2904,Goochland County
2905,Grayson County
2906,Greene County
2907,Greensville County
2908,Halifax County
2909,Hanover County
2910,Henrico County
2911,Henry County
2912,Highland County
2913,Isle of Wight County
2914,James City County
2915,King and Queen County
2916,King George County
2917,King William County
2918,Lancaster County
2919,Lee County
2920,Loudoun County
2921,Louisa County
2922,Lunenburg County
2923,Madison County
2924,Mathews County
2925,Mecklenburg County
2926,Middlesex County
2927,Montgomery County
2928,Nelson County
2929,New Kent County
2930,Northampton County
2931,Northumberland County
2932,Nottoway County
2933,Orange County
2934,Page County
2935,Patrick County
2936,Pittsylvania County
2937,Powhatan County
2938,Prince Edward County
2939,Prince George County
2940,Prince William County
2941,Pulaski County
2942,Rappahannock County
2943,Richmond County
2944,Roanoke County
2945,Rockbridge County
2946,Rockingham County
2947,Russell County
2948,Scott County
2949,Shenandoah County
2950,Smyth County
2951,Southampton County
2952,Spotsylvania County
2953,Stafford County
2954,Surry County
2955,Sussex County
2956,Tazewell County
2957,Warren County
2958,Washington County
2959,Westmoreland County
2960,Wise County
2961,Wythe County
2962,York County
2963,Alexandria city
2964,Bristol city
2965,Buena Vista city
2966,Charlottesville city
2967,Chesapeake city
2968,Colonial Heights city
2969,Covington city
2970,Danville city
2971,Emporia city
2972,Fairfax city
2973,Falls Church city
2974,Franklin city
2975,Fredericksburg city
2976,Galax city
2977,Hampton city
2978,Harrisonburg city
2979,Hopewell city
2980,Lexington city
2981,Lynchburg city
2982,Manassas city
2983,Manassas Park city
2984,Martinsville city
2985,Newport News city
2986,Norfolk city
2987,Norton city
2988,Petersburg city
2989,Poquoson city
2990,Portsmouth city
2991,Radford city
2992,Richmond city
2993,Roanoke city
2994,Salem city
2995,Staunton city
2996,Suffolk city
2997,Virginia Beach city
2998,Waynesboro city
2999,Williamsburg city
3000,Winchester city
3001,Washington
3002,Adams County
3003,Asotin County
3004,Benton County
3005,Chelan County
3006,Clallam County
3007,Clark County
3008,Columbia County
3009,Cowlitz County
3010,Douglas County
3011,Ferry County
3012,Franklin County
3013,Garfield County
3014,Grant County
3015,Grays Harbor County
3016,Island County
3017,Jefferson County
3018,King County
3019,Kitsap County
3020,Kittitas County
3021,Klickitat County
3022,Lewis County
3023,Lincoln County
3024,Mason County
3025,Okanogan County
3026,Pacific County
3027,Pend Oreille County
3028,Pierce County
3029,San Juan County
3030,Skagit County
3031,Skamania County
3032,Snohomish County
3033,Spokane County
3034,Stevens County
3035,Thurston County
3036,Wahkiakum County
3037,Walla Walla County
3038,Whatcom County
3039,Whitman County
3040,Yakima County
3041,West Virginia
3042,Barbour County
3043,Berkeley County
3044,Boone County
3045,Braxton County
3046,Brooke County
3047,Cabell County
3048,Calhoun County
3049,Clay County
3050,Doddridge County
3051,Fayette County
3052,Gilmer County
3053,Grant County
3054,Greenbrier County
3055,Hampshire County
3056,Hancock County
3057,Hardy County
3058,Harrison County
3059,Jackson County
3060,Jefferson County
3061,Kanawha County
3062,Lewis County
3063,Lincoln County
3064,Logan County
3065,McDowell County
3066,Marion County
3067,Marshall County
3068,Mason County
3069,Mercer County
3070,Mineral County
3071,Mingo County
3072,Monongalia County
3073,Monroe County
3074,Morgan County
3075,Nicholas County
3076,Ohio County
3077,Pendleton County
3078,Pleasants County
3079,Pocahontas County
3080,Preston County
3081,Putnam County
3082,Raleigh County
3083,Randolph County
3084,Ritchie County
3085,Roane County
3086,Summers County
3087,Taylor County
3088,Tucker County
3089,Tyler County
3090,Upshur County
3091,Wayne County
3092,Webster County
3093,Wetzel County
3094,Wirt County
3095,Wood County
3096,Wyoming County
3097,Wisconsin
3098,Adams County
3099,Ashland County
3100,Barron County
3101,Bayfield County
3102,Brown County
3103,Buffalo County
3104,Burnett County
3105,Calumet County
3106,Chippewa County
3107,Clark County
3108,Columbia County
3109,Crawford County
3110,Dane County
3111,Dodge County
3112,Door County
3113,Douglas County
3114,Dunn County
3115,Eau Claire County
3116,Florence County
3117,Fond du Lac County
3118,Forest County
3119,Grant County
3120,Green County
3121,Green Lake County
3122,Iowa County
3123,Iron County
3124,Jackson County
3125,Jefferson County
3126,Juneau County
3127,Kenosha County
3128,Kewaunee County
3129,La Crosse County
3130,Lafayette County
3131,Langlade County
3132,Lincoln County
3133,Manitowoc County
3134,Marathon County
3135,Marinette County
3136,Marquette County
3137,Menominee County
3138,Milwaukee County
3139,Monroe County
3140,Oconto County
3141,Oneida County
3142,Outagamie County
3143,Ozaukee County
3144,Pepin County
3145,Pierce County
3146,Polk County
3147,Portage County
3148,Price County
3149,Racine County
3150,Richland County
3151,Rock County
3152,Rusk County
3153,St. Croix County
3154,Sauk County
3155,Sawyer County
3156,Shawano County
3157,Sheboygan County
3158,Taylor County
3159,Trempealeau County
3160,Vernon County
3161,Vilas County
3162,Walworth County
3163,Washburn County
3164,Washington County
3165,Waukesha County
3166,Waupaca County
3167,Waushara County
3168,Winnebago County
3169,Wood County
3170,Wyoming
3171,Albany County
3172,Big Horn County
3173,Campbell County
3174,Carbon County
3175,Converse County
3176,Crook County
3177,Fremont County
3178,Goshen County
3179,Hot Springs County
3180,Johnson County
3181,Laramie County
3182,Lincoln County
3183,Natrona County
3184,Niobrara County
3185,Park County
3186,Platte County
3187,Sheridan County
3188,Sublette County
3189,Sweetwater County
3190,Teton County
3191,Uinta County
3192,Washakie County
3193,Weston County
